# Gallaxys heightmap conversions; GPL-3.0, see tools/room-models/gpl-source/COPYING
hbx_gx_cinema_a_v5	24	29	20	27	0	xxxxxxx1xx11111111xxxxxx,xxx1111111111111111xxxxx,xxx111xxxx1111111111xxxx,xxxx2xxxxxxxxxxxxxxxxxxx,xx3x3x333311xxxxxxxxxx11,xx3333333311111111111111,xx3333333311111111111111,xx3333333311111111122111,xx3333333311x22222222111,xx3333333311x22222222111,xx3333333311xxxxxxxxx111,xx3333333311111111111111,xx3333333311111111111111,xx3333333311111111111111,xx3333333311111xxxx11111,xx3333333311111xxxx11111,xx3333333311111xxxx11111,xx3333333311111xxxx11111,xx3333333311111xxxx11111,xx3333333311111xxxx11111,xx3333333311111xxxx11111,333333332111111xxxx11111,333333332111111111111111,333333332111111111111111,333333332111111111111111,xx3333332111111111111111,xxxxxxxxxxxxxxxxxxx11111,xxxxxxxxxxxxxxxxxxx11111,xxxxxxxxxxxxxxxxxxx11111
hbx_gx_dusty_lounge_v5	29	25	14	1	4	xxxxxxxxxxxxxx22xxxxxxxxxxxxx,xxxxxxxxxx222x222x2xxxxxxxxxx,xxxxxxx33322222222223xxxxxxx3,xxxxxxx33322222222223xxxxxxx3,xxxxxxx33322222222223x33333x3,xxxxxxx33322222222223x33333x3,xx111xx33322222222223xxxxxxx3,xx111xxx332222222222333333333,xx111xxxx32222222222333333333,xx111xxxxxx222222222333333333,xx111xxxxxxx1111111x333333333,xx111xxxxxxx1111111x222222222,xx111xxxxxx111111111111111111,xx111xxxxxx111111111111111111,11111xxxxxx111111111111111111,11111xxxxxx111111111111111111,11x11xxxxxx111111111111111111,11xxxxxxxxx11111111111111111x,x11xxxxxxxxx1111111x1111111xx,xx11xxxxxxx111111111111111xxx,xxx11xxxxxx11111111111111xxxx,xxxx11111111111111111111xxxxx,xxxxx11111111111111xxxxxxxxxx,xxxxxxxxxxx11111111xxxxxxxxxx,xxxxxxxxxxx11111111xxxxxxxxxx
hbx_gx_infobus_bus_v5	19	12	16	11	2	xxxxxxxxxxxxxxxxxxx,xxxxxxxxxxxxx0xxxxx,xxxxxxxxxxxxxxxxxxx,xx00000000000000000,xx00000000000000000,xx00000000000000000,xx00000000000000000,xx00000000000000000,xx00000000000000000,xx00000000000000000,xx00000000000000000,xxxxxxxxxxxxxxxx0xx
hbx_gx_model_0_v5	69	10	0	4	2	xxxxxxxxxxxxxxxxxxxxxxxxxxxxxxxxxxxxxxxxxxxxxxxxxxxxxxxxxxxxxxxxxxxxx,x00000000xx00000000xx00000000xxxxxxxxxxxxxxxxxxxxxxxxxxxxxxxxxxxxxxxx,x00000000xx00000000xx00000000xxxxxxxxxxxxxxxxxxxxxxxxxxxxxxxxxxxxxxxx,x00000000xx00000000xx00000000xxxxxxxxxxxxxxxxxxxxxxxxxxxxxxxxxxxx0000,000000000xx00000000xx00000000xxxxxxxxxxxxxxxxxxxxxxxxxxxxxxxxxxxx0000,x00000000xx00000000xx00000000xxxxxxxxxxxxxxxxxxxxxxxxxxxxxxxxxxxx0000,x00000000xx00000000xx00000000xxxxxxxxxxxxxxxxxxxxxxxxxxxxxxxxxxxx0000,x00000000xx00000000xx00000000xxxxxxxxxxxxxxxxxxxxxxxxxxxxxxxxxxxxxxxx,x00000000xx00000000xx00000000xxxxxxxxxxxxxxxxxxxxxxxxxxxxxxxxxxxxxxxx,xxxxxxxxxxxxxxxxxxxxxxxxxxxxxxxxxxxxxxxxxxxxxxxxxxxxxxxxxxxxxxxxxxxxx
hbx_gx_model_1_v5	34	49	0	10	2	xxxxxxxxxxxxxxxxxxxxxxxxxxxxxxxxxx,xeeeeeeeeeeeeeeeedcba9888888888888,xeeeeeeeeeeeeeeeexxxxxx88888888888,xeeeeeeeeeeeeeeeexxxxxx88888888888,xeeeeeeeeeeeeeeeexxxxxx88888888888,xeeeeeeeeeeeeeeeexxxxxx88888888888,xdxxxxxxxxxxxxxxxxxxxxx88888888888,xcxxxxxxxxxxxxxxxxxxxxx88888888888,xbxxxxxxxxxxxxxxxxxxxxx88888888888,xaxxxxxxxxxxxxxxxxxxxxx88888888888,aaaaaaaaaaaaaaaaaxxxxxxxxxxxxxxxxx,xaaaaaaaaaaaaaaaaxxxxxxxxxxxxxxxxx,xaaaaaaaaaaaaaaaaxxxxxxxxxxxxxxxxx,xaaaaaaaaaaaaaaaaxxxx6666666666666,xaaaaaaaaaaaaaaaaxxxx6666666666666,xaaaaaaaaaaaaaaaaxxxx6666666666666,xaaaaaaaaaaaaaaaaxxxx6666666666666,xaaaaaaaaaaaaaaaaxxxx6666666666666,xaaaaaaaaaaaaaaaa98766666666666666,xaaaaaaaaaaaaaaaaxxxxxxxxxxxx5xxxx,xaaaaaaaaaaaaaaaaxxxxxxxxxxxx4xxxx,xaaaaaaaaaaaaaaaaxxxxxxxxxxxx3xxxx,xaaaaaaaaaaaaaaaaxxx3333333333xxxx,xaaaaaaaaaaaaaaaaxxx3333333333xxxx,xaaaaaaaaaaaaaaaaxxx3333333333xxxx,xaaaaaaaaaaaaaaaaxxx3333333333xxxx,xaaaaaaaaaaaaaaaaxxx3333333333xxxx,xaaaaaaaaaaaaaaaaxxx3333333333xxxx,xaaaaaaaaaaaaaaaaxxx3333333333xxxx,xaaaaaaaaaaaaaaaaxxx3333333333xxxx,xaaaaaaaaaaaaaaaaxxx3333333333xxxx,xaaaaaaaaaaaaaaaaxxx3333333333xxxx,xxxxxxxxxxxxxxxx9xxx3333333333xxxx,xxxxxxxxxxxxxxxx8xxx3333333333xxxx,xxxxxxxxxxxxxxxx7xxx3333333333xxxx,xxx777777777xxxx6xxx3333333333xxxx,xxx777777777xxxx5xxxxxxxxxxxxxxxxx,xxx777777777xxxx4xxxxxxxxxxxxxxxxx,xxx777777777xxxx3xxxxxxxxxxxxxxxxx,xxx777777777xxxx2xxxxxxxxxxxxxxxxx,xfffffffffxxxxxx1xxxxxxxxxxxxxxxxx,xfffffffffxxxxxx111111111111111111,xfffffffffxxxxxx111111111111111111,xfffffffffxxxxxx111111111111111111,xfffffffffxxxxxx111111111111111111,xfffffffffxxxxxx111111111111111111,xfffffffffxxxxxx111111111111111111,xxxxxxxxxxxxxxxx111111111111111111,xxxxxxxxxxxxxxxxxxxxxxxxxxxxxxxxxx
hbx_gx_model_2_v5	29	68	0	15	2	xxxxxxxxxxxxxxxxxxxxxxxxxxxxx,xjjjjjjjjjjjjjx0000xxxxxxxxxx,xjjjjjjjjjjjjjx0000xxxxxxxxxx,xjjjjjjjjjjjjjx0000xxxxxxxxxx,xjjjjjjjjjjjjjx0000xxxxxxxxxx,xjjjjjjjjjjjjjx0000xxxxxxxxxx,xjjjjjjjjjjjjjx0000xxxxxxxxxx,xjjjjjjjjjjjjjx0000xxxxxxxxxx,xjjjjjjjjjjjjjx0000xxxxxxxxxx,xxxxxxxxxxxxiix0000xxxxxxxxxx,xxxxxxxxxxxxhhx0000xxxxxxxxxx,xxxxxxxxxxxxggx0000xxxxxxxxxx,xxxxxxxxxxxxffx0000xxxxxxxxxx,xxxxxxxxxxxxeex0000xxxxxxxxxx,xeeeeeeeeeeeeex0000xxxxxxxxxx,eeeeeeeeeeeeeex0000xxxxxxxxxx,xeeeeeeeeeeeeex0000xxxxxxxxxx,xeeeeeeeeeeeeex0000xxxxxxxxxx,xeeeeeeeeeeeeex0000xxxxxxxxxx,xeeeeeeeeeeeeex0000xxxxxxxxxx,xeeeeeeeeeeeeex0000xxxxxxxxxx,xeeeeeeeeeeeeex0000xxxxxxxxxx,xeeeeeeeeeeeeex0000xxxxxxxxxx,xeeeeeeeeeeeeex0000xxxxxxxxxx,xxxxxxxxxxxxddx00000000000000,xxxxxxxxxxxxccx00000000000000,xxxxxxxxxxxxbbx00000000000000,xxxxxxxxxxxxaax00000000000000,xaaaaaaaaaaaaax00000000000000,xaaaaaaaaaaaaax00000000000000,xaaaaaaaaaaaaax00000000000000,xaaaaaaaaaaaaax00000000000000,xaaaaaaaaaaaaax00000000000000,xaaaaaaaaaaaaax00000000000000,xaaaaaaaaaaaaax00000000000000,xaaaaaaaaaaaaax00000000000000,xaaaaaaaaaaaaax00000000000000,xaaaaaaaaaaaaax00000000000000,xxxxxxxxxxxx99x0000xxxxxxxxxx,xxxxxxxxxxxx88x0000xxxxxxxxxx,xxxxxxxxxxxx77x0000xxxxxxxxxx,xxxxxxxxxxxx66x0000xxxxxxxxxx,xxxxxxxxxxxx55x0000xxxxxxxxxx,xxxxxxxxxxxx44x0000xxxxxxxxxx,x4444444444444x0000xxxxxxxxxx,x4444444444444x0000xxxxxxxxxx,x4444444444444x0000xxxxxxxxxx,x4444444444444x0000xxxxxxxxxx,x4444444444444x0000xxxxxxxxxx,x4444444444444x0000xxxxxxxxxx,x4444444444444x0000xxxxxxxxxx,x4444444444444x0000xxxxxxxxxx,x4444444444444x0000xxxxxxxxxx,x4444444444444x0000xxxxxxxxxx,xxxxxxxxxxxx33x0000xxxxxxxxxx,xxxxxxxxxxxx22x0000xxxxxxxxxx,xxxxxxxxxxxx11x0000xxxxxxxxxx,xxxxxxxxxxxx00x0000xxxxxxxxxx,x000000000000000000xxxxxxxxxx,x000000000000000000xxxxxxxxxx,x000000000000000000xxxxxxxxxx,x000000000000000000xxxxxxxxxx,x000000000000000000xxxxxxxxxx,x000000000000000000xxxxxxxxxx,x000000000000000000xxxxxxxxxx,x000000000000000000xxxxxxxxxx,xxxxxxxxxxxxxxxxxxxxxxxxxxxxx,xxxxxxxxxxxxxxxxxxxxxxxxxxxxx
hbx_gx_model_3_v5	17	15	0	10	2	xxxxxxxxxxxxxxxxx,xxx0000000000000x,xxx0000000000000x,xxx0000000000000x,xxx0000000000000x,xxx0000000000000x,xxx0000000000000x,x000000000000000x,x000000000000000x,x000000000000000x,0000000000000000x,x000000000000000x,x000000000000000x,x000000000000000x,xxxxxxxxxxxxxxxxx
hbx_gx_model_4_v5	23	20	0	12	2	xxxxxxxxxxxxxxxxxxxxxxx,xxxxxxxxx9999999999999x,xxxxxxxxx9999999999999x,xxxxxxxxx9999999999999x,xxxxxxxxx9999999999999x,x00000000xxxxxxx999999x,x00000000xxxxxxx999999x,x00000000xxxxxxx999999x,x00000000xxxxxxx999999x,x000000000000000999999x,x000000000000000999999x,x000000000000000999999x,0000000000000000999999x,x000000000000000xxxxxxx,x000000000000000xxxxxxx,x000000000000000xxxxxxx,x000000000000000xxxxxxx,x000000000000000xxxxxxx,x000000000000000xxxxxxx,xxxxxxxxxxxxxxxxxxxxxxx
hbx_gx_model_5_v5	34	34	0	10	2	xxxxxxxxxxxxxxxxxxxxxxxxxxxxxxxxxx,x00000000000000000000000000000000x,x00000000000000000000000000000000x,x00000000000000000000000000000000x,x00000000000000000000000000000000x,x00000000000000000000000000000000x,x00000000000000000000000000000000x,x00000000000000000000000000000000x,x00000000000000000000000000000000x,x00000000000000000000000000000000x,000000000000000000000000000000000x,x00000000000000000000000000000000x,x00000000000000000000000000000000x,x00000000000000000000000000000000x,x00000000000000000000000000000000x,x00000000000000000000000000000000x,x00000000000000000000000000000000x,x00000000000000000000000000000000x,x00000000000000000000000000000000x,x00000000000000000000000000000000x,x00000000000000000000000000000000x,x00000000000000000000000000000000x,x00000000000000000000000000000000x,x00000000000000000000000000000000x,x00000000000000000000000000000000x,x00000000000000000000000000000000x,x00000000000000000000000000000000x,x00000000000000000000000000000000x,x00000000000000000000000000000000x,x00000000000000000000000000000000x,x00000000000000000000000000000000x,x00000000000000000000000000000000x,x00000000000000000000000000000000x,xxxxxxxxxxxxxxxxxxxxxxxxxxxxxxxxxx
hbx_gx_model_6_v5	39	32	0	15	2	xxxxxxxxxxxxxxxxxxxxxxxxxxxxxxxxxxxxxxx,x222222222x000000000000000000000000xxxx,x222222222x000000000000000000000000xxxx,x222222222x000000000000000000000000xxxx,x222222222x000000000000000000000000xxxx,x222222222x000000000000000000000000xxxx,x222222222x000000000000000000000000xxxx,x222222222x000000000000000000000000xxxx,x222222222x000000000000000000000000xxxx,x222222222x00000000xxxxxxxx00000000xxxx,x11xxxxxxxx00000000xxxxxxxx00000000xxxx,x00x000000000000000xxxxxxxx00000000xxxx,x00x000000000000000xxxxxxxx00000000xxxx,x000000000000000000xxxxxxxx00000000xxxx,x000000000000000000xxxxxxxx00000000xxxx,0000000000000000000xxxxxxxx00000000xxxx,x000000000000000000xxxxxxxx00000000xxxx,x00x000000000000000xxxxxxxx00000000xxxx,x00x000000000000000xxxxxxxx00000000xxxx,x00xxxxxxxxxxxxxxxxxxxxxxxx00000000xxxx,x00xxxxxxxxxxxxxxxxxxxxxxxx00000000xxxx,x00x0000000000000000000000000000000xxxx,x00x0000000000000000000000000000000xxxx,x0000000000000000000000000000000000xxxx,x0000000000000000000000000000000000xxxx,x0000000000000000000000000000000000xxxx,x0000000000000000000000000000000000xxxx,x00x0000000000000000000000000000000xxxx,x00x0000000000000000000000000000000xxxx,xxxxxxxxxxxxxxxxxxxxxxxxxxxxxxxxxxxxxxx,xxxxxxxxxxxxxxxxxxxxxxxxxxxxxxxxxxxxxxx,xxxxxxxxxxxxxxxxxxxxxxxxxxxxxxxxxxxxxxx
hbx_gx_model_7_v5	25	30	0	17	2	xxxxxxxxxxxxxxxxxxxxxxxxx,x222222xx00000000xxxxxxxx,x222222xx00000000xxxxxxxx,x2222221000000000xxxxxxxx,x2222221000000000xxxxxxxx,x222222xx00000000xxxxxxxx,x222222xx00000000xxxxxxxx,x222222xxxxxxxxxxxxxxxxxx,x222222xkkkkkkxxiiiiiiiix,x222222xkkkkkkxxiiiiiiiix,x222222xkkkkkkjiiiiiiiiix,x222222xkkkkkkjiiiiiiiiix,x222222xkkkkkkxxiiiiiiiix,xxx11xxxkkkkkkxxiiiiiiiix,xxx00xxxkkkkkkxxxxxxxxxxx,x000000xkkkkkkxxxxxxxxxxx,x000000xkkkkkkxxxxxxxxxxx,0000000xkkkkkkxxxxxxxxxxx,x000000xkkkkkkxxxxxxxxxxx,x000000xkkkkkkxxxxxxxxxxx,x000000xxxjjxxxxxxxxxxxxx,x000000xxxiixxxxxxxxxxxxx,x000000xiiiiiixxxxxxxxxxx,xxxxxxxxiiiiiixxxxxxxxxxx,xxxxxxxxiiiiiixxxxxxxxxxx,xxxxxxxxiiiiiixxxxxxxxxxx,xxxxxxxxiiiiiixxxxxxxxxxx,xxxxxxxxiiiiiixxxxxxxxxxx,xxxxxxxxiiiiiixxxxxxxxxxx,xxxxxxxxiiiiiixxxxxxxxxxx
hbx_gx_model_8_v5	35	34	0	15	2	xxxxxxxxxxxxxxxxxxxxxxxxxxxxxxxxxxx,x5555555555555555555555555xxxxxxxxx,x5555555555555555555555555xxxxxxxxx,x5555555555555555555555555xxxxxxxxx,x5555555555555555555555555xxxxxxxxx,x5555555555555555555555555xxxxxxxxx,x5555555555555555555555555xxxxxxxxx,x5555555555xxxxxxxxxxxxxxxxxxxxxxxx,x55555555554321000000000000000000xx,x55555555554321000000000000000000xx,x5555555555xxxxx00000000000000000xx,x555555x44x0000000000000000000000xx,x555555x33x0000000000000000000000xx,x555555x22x0000000000000000000000xx,x555555x11x0000000000000000000000xx,5555555x00x0000000000000000000000xx,x555555x0000000000000000000000000xx,x555555x0000000000000000000000000xx,x555555x0000000000000000000000000xx,x555555x0000000000000000000000000xx,x555555x0000000000000000000000000xx,x555555x0000000000000000000000000xx,x555555x0000000000000000000000000xx,x555555x0000000000000000000000000xx,x555555x0000000000000000000000000xx,x555555x0000000000000000000000000xx,xxxxxxxx0000000000000000000000000xx,xxxxxxxx0000000000000000000000000xx,xxxxxxxx0000000000000000000000000xx,xxxxxxxx0000000000000000000000000xx,xxxxxxxx0000000000000000000000000xx,xxxxxxxx0000000000000000000000000xx,xxxxxxxx0000000000000000000000000xx,xxxxxxxxxxxxxxxxxxxxxxxxxxxxxxxxxxx
hbx_gx_model_9_v5	24	44	0	17	2	xxxxxxxxxxxxxxxxxxxxxxxx,x0000000000000000000000x,x0000000000000000000000x,x0000000000000000000000x,x0000000000000000000000x,x0000000000000000000000x,x0000000000000000000000x,x0000000000000000000000x,x0000000000000000000000x,x0000000000000000000000x,x0000000000000000000000x,x0000000000000000000000x,x0000000000000000000000x,x0000000000000000000000x,x0000000000000000000000x,x0000000000000000000000x,x0000000000000000000000x,00000000000000000000000x,x0000000000000000000000x,x0000000000000000000000x,x0000000000000000000000x,x0000000000000000000000x,x0000000000000000000000x,x0000000000000000000000x,x0000000000000000000000x,x0000000000000000000000x,x0000000000000000000000x,x0000000000000000000000x,x0000000000000000000000x,x0000000000000000000000x,x0000000000000000000000x,x0000000000000000000000x,x0000000000000000000000x,x0000000000000000000000x,x0000000000000000000000x,x0000000000000000000000x,x0000000000000000000000x,x0000000000000000000000x,x0000000000000000000000x,x0000000000000000000000x,x0000000000000000000000x,x0000000000000000000000x,x0000000000000000000000x,xxxxxxxxxxxxxxxxxxxxxxxx
hbx_gx_model_a_v5	12	16	3	5	2	xxxxxxxxxxxx,xxxx00000000,xxxx00000000,xxxx00000000,xxxx00000000,xxx000000000,xxxx00000000,xxxx00000000,xxxx00000000,xxxx00000000,xxxx00000000,xxxx00000000,xxxx00000000,xxxx00000000,xxxxxxxxxxxx,xxxxxxxxxxxx
hbx_gx_model_b_v5	12	16	0	5	2	xxxxxxxxxxxx,xxxxx0000000,xxxxx0000000,xxxxx0000000,xxxxx0000000,000000000000,x00000000000,x00000000000,x00000000000,x00000000000,x00000000000,xxxxxxxxxxxx,xxxxxxxxxxxx,xxxxxxxxxxxx,xxxxxxxxxxxx,xxxxxxxxxxxx
hbx_gx_model_b2g_v5	14	19	0	0	2	xxxxxxxxxxxxxx,x00000x000000x,x000000000000x,x00000x000000x,x00000x000000x,x00000x000000x,x00000x000000x,xxx0xxx000000x,x000000000000x,x000000000000x,x000000000000x,x000000000000x,x000000000000x,x000000000000x,x000000000000x,x000000000000x,x000000000000x,x00000xx00000x,xxxxxxxxxxxxxx
hbx_gx_model_basa_v5	22	19	0	15	2	xxxxxxxxxxxxxxxxxxxxxx,x22222222222222222222x,x22222222222222222222x,x22222222222222222222x,x22222222222222222222x,x22222222222222222222x,x22222222222222222222x,x22222222222222222222x,x000x11xxxxxxxx11x000x,x00000000000000000000x,x00000000000000000000x,x00000000000000000000x,x00000000000000000000x,x00000000000000000000x,x00000000000000000000x,x00000000000000000000x,x00000000000000000000x,x00000000000000000000x,xxxxxxxxxxxxxxxxxxxxxx
hbx_gx_model_c_v5	12	16	4	7	2	xxxxxxxxxxxx,xxxxxxxxxxxx,xxxxxxxxxxxx,xxxxxxxxxxxx,xxxxxxxxxxxx,xxxxx000000x,xxxxx000000x,xxxx0000000x,xxxxx000000x,xxxxx000000x,xxxxx000000x,xxxxxxxxxxxx,xxxxxxxxxxxx,xxxxxxxxxxxx,xxxxxxxxxxxx,xxxxxxxxxxxx
hbx_gx_model_d_v5	12	16	4	7	2	xxxxxxxxxxxx,xxxxx000000x,xxxxx000000x,xxxxx000000x,xxxxx000000x,xxxxx000000x,xxxxx000000x,xxxx0000000x,xxxxx000000x,xxxxx000000x,xxxxx000000x,xxxxx000000x,xxxxx000000x,xxxxx000000x,xxxxx000000x,xxxxxxxxxxxx
hbx_gx_model_e_v5	12	16	1	5	2	xxxxxxxxxxxx,xxxxxxxxxxxx,xxxxxxxxxxxx,xx0000000000,xx0000000000,x00000000000,xx0000000000,xx0000000000,xx0000000000,xx0000000000,xx0000000000,xxxxxxxxxxxx,xxxxxxxxxxxx,xxxxxxxxxxxx,xxxxxxxxxxxx,xxxxxxxxxxxx
hbx_gx_model_f_v5	12	16	2	5	2	xxxxxxxxxxxx,xxxxxxx0000x,xxxxxxx0000x,xxx00000000x,xxx00000000x,xx000000000x,xxx00000000x,x0000000000x,x0000000000x,x0000000000x,x0000000000x,xxxxxxxxxxxx,xxxxxxxxxxxx,xxxxxxxxxxxx,xxxxxxxxxxxx,xxxxxxxxxxxx
hbx_gx_model_g_v5	12	17	1	7	2	xxxxxxxxxxxx,xxxxxxxxxxxx,xxxxxxx00000,xxxxxxx00000,xxxxxxx00000,xx1111000000,xx1111000000,x11111000000,xx1111000000,xx1111000000,xxxxxxx00000,xxxxxxx00000,xxxxxxx00000,xxxxxxxxxxxx,xxxxxxxxxxxx,xxxxxxxxxxxx,xxxxxxxxxxxx
hbx_gx_model_h_v5	12	16	4	4	2	xxxxxxxxxxxx,xxxxxxxxxxxx,xxxxx111111x,xxxxx111111x,xxxx1111111x,xxxxx111111x,xxxxx111111x,xxxxx000000x,xxxxx000000x,xxx00000000x,xxx00000000x,xxx00000000x,xxx00000000x,xxxxxxxxxxxx,xxxxxxxxxxxx,xxxxxxxxxxxx
hbx_gx_model_i_v5	17	28	0	10	2	xxxxxxxxxxxxxxxxx,x0000000000000000,x0000000000000000,x0000000000000000,x0000000000000000,x0000000000000000,x0000000000000000,x0000000000000000,x0000000000000000,x0000000000000000,00000000000000000,x0000000000000000,x0000000000000000,x0000000000000000,x0000000000000000,x0000000000000000,x0000000000000000,x0000000000000000,x0000000000000000,x0000000000000000,x0000000000000000,x0000000000000000,x0000000000000000,x0000000000000000,x0000000000000000,x0000000000000000,x0000000000000000,xxxxxxxxxxxxxxxxx
hbx_gx_model_j_v5	21	24	0	10	2	xxxxxxxxxxxxxxxxxxxxx,xxxxxxxxxxx0000000000,xxxxxxxxxxx0000000000,xxxxxxxxxxx0000000000,xxxxxxxxxxx0000000000,xxxxxxxxxxx0000000000,xxxxxxxxxxx0000000000,x00000000000000000000,x00000000000000000000,x00000000000000000000,000000000000000000000,x00000000000000000000,x00000000000000000000,x00000000000000000000,x00000000000000000000,x00000000000000000000,x00000000000000000000,x0000000000xxxxxxxxxx,x0000000000xxxxxxxxxx,x0000000000xxxxxxxxxx,x0000000000xxxxxxxxxx,x0000000000xxxxxxxxxx,x0000000000xxxxxxxxxx,xxxxxxxxxxxxxxxxxxxxx
hbx_gx_model_k_v5	25	28	0	13	2	xxxxxxxxxxxxxxxxxxxxxxxxx,xxxxxxxxxxxxxxxxx00000000,xxxxxxxxxxxxxxxxx00000000,xxxxxxxxxxxxxxxxx00000000,xxxxxxxxxxxxxxxxx00000000,xxxxxxxxx0000000000000000,xxxxxxxxx0000000000000000,xxxxxxxxx0000000000000000,xxxxxxxxx0000000000000000,x000000000000000000000000,x000000000000000000000000,x000000000000000000000000,x000000000000000000000000,0000000000000000000000000,x000000000000000000000000,x000000000000000000000000,x000000000000000000000000,xxxxxxxxx0000000000000000,xxxxxxxxx0000000000000000,xxxxxxxxx0000000000000000,xxxxxxxxx0000000000000000,xxxxxxxxx0000000000000000,xxxxxxxxx0000000000000000,xxxxxxxxx0000000000000000,xxxxxxxxx0000000000000000,xxxxxxxxx0000000000000000,xxxxxxxxx0000000000000000,xxxxxxxxxxxxxxxxxxxxxxxxx
hbx_gx_model_l_v5	21	22	0	16	2	xxxxxxxxxxxxxxxxxxxxx,x00000000000000000000,x00000000000000000000,x00000000000000000000,x00000000000000000000,x00000000000000000000,x00000000000000000000,x00000000000000000000,x00000000000000000000,x00000000xxxx00000000,x00000000xxxx00000000,x00000000xxxx00000000,x00000000xxxx00000000,x00000000xxxx00000000,x00000000xxxx00000000,x00000000xxxx00000000,000000000xxxx00000000,x00000000xxxx00000000,x00000000xxxx00000000,x00000000xxxx00000000,x00000000xxxx00000000,xxxxxxxxxxxxxxxxxxxxx
hbx_gx_model_m_v5	29	30	0	15	2	xxxxxxxxxxxxxxxxxxxxxxxxxxxxx,xxxxxxxxxxx00000000xxxxxxxxxx,xxxxxxxxxxx00000000xxxxxxxxxx,xxxxxxxxxxx00000000xxxxxxxxxx,xxxxxxxxxxx00000000xxxxxxxxxx,xxxxxxxxxxx00000000xxxxxxxxxx,xxxxxxxxxxx00000000xxxxxxxxxx,xxxxxxxxxxx00000000xxxxxxxxxx,xxxxxxxxxxx00000000xxxxxxxxxx,xxxxxxxxxxx00000000xxxxxxxxxx,xxxxxxxxxxx00000000xxxxxxxxxx,x0000000000000000000000000000,x0000000000000000000000000000,x0000000000000000000000000000,x0000000000000000000000000000,00000000000000000000000000000,x0000000000000000000000000000,x0000000000000000000000000000,x0000000000000000000000000000,xxxxxxxxxxx00000000xxxxxxxxxx,xxxxxxxxxxx00000000xxxxxxxxxx,xxxxxxxxxxx00000000xxxxxxxxxx,xxxxxxxxxxx00000000xxxxxxxxxx,xxxxxxxxxxx00000000xxxxxxxxxx,xxxxxxxxxxx00000000xxxxxxxxxx,xxxxxxxxxxx00000000xxxxxxxxxx,xxxxxxxxxxx00000000xxxxxxxxxx,xxxxxxxxxxx00000000xxxxxxxxxx,xxxxxxxxxxx00000000xxxxxxxxxx,xxxxxxxxxxxxxxxxxxxxxxxxxxxxx
hbx_gx_model_n_v5	21	22	0	16	2	xxxxxxxxxxxxxxxxxxxxx,x00000000000000000000,x00000000000000000000,x00000000000000000000,x00000000000000000000,x00000000000000000000,x00000000000000000000,x000000xxxxxxxx000000,x000000x000000x000000,x000000x000000x000000,x000000x000000x000000,x000000x000000x000000,x000000x000000x000000,x000000x000000x000000,x000000xxxxxxxx000000,x00000000000000000000,000000000000000000000,x00000000000000000000,x00000000000000000000,x00000000000000000000,x00000000000000000000,xxxxxxxxxxxxxxxxxxxxx
hbx_gx_model_o_v5	25	28	0	18	2	xxxxxxxxxxxxxxxxxxxxxxxxx,xxxxxxxxxxxxx11111111xxxx,xxxxxxxxxxxxx11111111xxxx,xxxxxxxxxxxxx11111111xxxx,xxxxxxxxxxxxx11111111xxxx,xxxxxxxxxxxxx11111111xxxx,xxxxxxxxxxxxx11111111xxxx,xxxxxxxxxxxxx11111111xxxx,xxxxxxxxxxxxx00000000xxxx,xxxxxxxxx0000000000000000,xxxxxxxxx0000000000000000,xxxxxxxxx0000000000000000,xxxxxxxxx0000000000000000,xxxxxxxxx0000000000000000,xxxxxxxxx0000000000000000,x111111100000000000000000,x111111100000000000000000,x111111100000000000000000,1111111100000000000000000,x111111100000000000000000,x111111100000000000000000,x111111100000000000000000,x111111100000000000000000,xxxxxxxxx0000000000000000,xxxxxxxxx0000000000000000,xxxxxxxxx0000000000000000,xxxxxxxxx0000000000000000,xxxxxxxxxxxxxxxxxxxxxxxxx
hbx_gx_model_opening_v5	19	26	0	23	2	xxxxxxxxxxxxxxxxxxx,xxxxxxx222222222222,xxxxxxx222222222222,xxxxxxx222222222222,xxxxxxx222222222222,xxxxxxx222222222222,xxxxxxx222222222222,xxxxxxx222222222222,xxxxxxx111111111111,x222221111111111111,x222221111111111111,x222221111111111111,x222221111111111111,x222221111111111111,x222221111111111111,x222221111111111111,x222221111111111111,x2222xx111111111111,x2222xx000000000000,x2222xx000000000000,x2222xx000000000000,x2222xx000000000000,x2222xx000000000000,22222xx000000000000,x2222xx000000000000,xxxxxxxxxxxxxxxxxxx
hbx_gx_model_oscar_v5	64	29	0	15	2	xxxxxxxxxxxxxxxxxxxxxxxxxxxxxxxxxxxxxxxxxxxxxxxxxxxxxxxxxxxxxxxx,xxxxxxxxxxxxxxxxxxxxxxxxxxxxxxxxxxxxxxxxxxxxxxxxxxxxxxxxxxxxxxxx,xxxxxxxxx11111111xxxxxxxxxxxxxxxxxxxxxxxxxxxxxxxxxxxxxxxxxxxxxxx,xxxxxxxxx11111111xxxxxxxxxxxxxxxxxxxxxxxxxxxxxxxxxxxxxxxxxxxxxxx,xxxxxxxxx11111111xxxxxxxxxxxxxxxxxxxxxxxxxxxxxxxxxxxxxxxxxxxxxxx,xxxxxxxxx11111111xxxxxxxxxxxxxxxxxxxxxxxxxxxxxxxxxxxxxxxxxxxxxxx,xxxxxxxxx11111111xxxxxxxxxxxxxxxxxxxxxxxxxxxxxxxxxxxxxxxxxxxxxxx,xxxxxxxxx11111111xxxxxxxxxxxxxxxxxxxxxxxxxxxxxxxxxxxxxxxxxxxxxxx,xxxxxxxxx11111111xxxxxxxxxxxxxxxxxxxxxxxxxxxxxxxxxxxxxxxxxxxxxxx,xxxxxxxxx11111111xxxxxxxxxxxxxxxxxxxxxxxxxxxxxxxxxxxxxxxxxxxxxxx,xxxxxxxxxxxx11xxxxxxxxxxxxxxxxxxxxxxxxxxxxxxxxxxxxxxxxxxxxxxxxxx,x1111111x11111111x00000000xxxxxxxxxxxxxxxxxxxxxxxxxxxxxxxxxxxxxx,x1111111x11111111x00000000xxxxxxxxxxxxxxxxxxxxxxxxxxxxxxxxxxxxxx,x1111111x11111111x00000000xxxxxxxxxxxxxxxxxxxxxxxxxxxxxxxxxxxxxx,x1111111111111111100000000xxxxxxxxxxxxxxxxxxxxxxxxxxxxxxxxxxxxxx,x1111111111111111100000000xxxxxxxxxxxxxxxxxxxxxxxxxxxxxxxxxxxxxx,x1111111x11111111x00000000xxxxxxxxxxxxxxxxxxxxxxxxxxxxxxxxxxxxxx,x1111111x11111111x00000000xxxxxxxxxxxxxxxxxxxxxxxxxxxxxxxxxxxxxx,x1111111x11111111x00000000xxxxxxxxxxxxxxxxxxxxxxxxxxxxxxxxxxxxxx,xxxxxxxxxxxx11xxxxxxxxxxxxxxxxxxxxxxxxxxxxxxxxxxxxxxxxxxxxxxxxxx,xxxxxxxxx00000000xxxxxxxxxxxxxxxxxxxxxxxxxxxxxxxxxxxxxxxxxxxxxxx,xxxxxxxxx00000000xxxxxxxxxxxxxxxxxxxxxxxxxxxxxxxxxxxxxxxxxxxxxxx,xxxxxxxxx00000000xxxxxxxxxxxxxxxxxxxxxxxxxxxxxxxxxxxxxxxxxxxxxxx,xxxxxxxxx00000000xxxxxxxxxxxxxxxxxxxxxxxxxxxxxxxxxxxxxxxxxxxxxxx,xxxxxxxxx00000000xxxxxxxxxxxxxxxxxxxxxxxxxxxxxxxxxxxxxxxxxxxxxxx,xxxxxxxxx00000000xxxxxxxxxxxxxxxxxxxxxxxxxxxxxxxxxxxxxxxxxxxxxxx,xxxxxxxxx00000000xxxxxxxxxxxxxxxxxxxxxxxxxxxxxxxxxxxxxxxxxxxxxxx,xxxxxxxxx00000000xxxxxxxxxxxxxxxxxxxxxxxxxxxxxxxxxxxxxxxxxxxxxxx,xxxxxxxxxxxxxxxxxxxxxxxxxxxxxxxxxxxxxxxxxxxxxxxxxxxxxxxxxxxxxxxx
hbx_gx_model_p_v5	19	26	0	23	2	xxxxxxxxxxxxxxxxxxx,xxxxxxx222222222222,xxxxxxx222222222222,xxxxxxx222222222222,xxxxxxx222222222222,xxxxxxx222222222222,xxxxxxx222222222222,xxxxxxx22222222xxxx,xxxxxxx11111111xxxx,x222221111111111111,x222221111111111111,x222221111111111111,x222221111111111111,x222221111111111111,x222221111111111111,x222221111111111111,x222221111111111111,x2222xx11111111xxxx,x2222xx00000000xxxx,x2222xx000000000000,x2222xx000000000000,x2222xx000000000000,x2222xx000000000000,22222xx000000000000,x2222xx000000000000,xxxxxxxxxxxxxxxxxxx
hbx_gx_model_q_v5	19	26	10	4	2	xxxxxxxxxxxxxxxxxxx,xxxxxxxxxxx22222222,xxxxxxxxxxx22222222,xxxxxxxxxxx22222222,xxxxxxxxxx222222222,xxxxxxxxxxx22222222,xxxxxxxxxxx22222222,x222222222222222222,x222222222222222222,x222222222222222222,x222222222222222222,x222222222222222222,x222222222222222222,x2222xxxxxxxxxxxxxx,x2222xxxxxxxxxxxxxx,x2222211111xx000000,x222221111110000000,x222221111110000000,x2222211111xx000000,xx22xxx1111xxxxxxxx,xx11xxx1111xxxxxxxx,x1111xx1111xx000000,x1111xx111110000000,x1111xx111110000000,x1111xx1111xx000000,xxxxxxxxxxxxxxxxxxx
hbx_gx_model_r_v5	25	26	10	4	2	xxxxxxxxxxxxxxxxxxxxxxxxx,xxxxxxxxxxx33333333333333,xxxxxxxxxxx33333333333333,xxxxxxxxxxx33333333333333,xxxxxxxxxx333333333333333,xxxxxxxxxxx33333333333333,xxxxxxxxxxx33333333333333,xxxxxxx333333333333333333,xxxxxxx333333333333333333,xxxxxxx333333333333333333,xxxxxxx333333333333333333,xxxxxxx333333333333333333,xxxxxxx333333333333333333,x4444433333xxxxxxxxxxxxxx,x4444433333xxxxxxxxxxxxxx,x44444333333222xx000000xx,x44444333333222xx000000xx,xxx44xxxxxxxx22xx000000xx,xxx33xxxxxxxx11xx000000xx,xxx33322222211110000000xx,xxx33322222211110000000xx,xxxxxxxxxxxxxxxxx000000xx,xxxxxxxxxxxxxxxxx000000xx,xxxxxxxxxxxxxxxxx000000xx,xxxxxxxxxxxxxxxxx000000xx,xxxxxxxxxxxxxxxxxxxxxxxxx
hbx_gx_model_room_15_v5	24	36	3	3	2	xxxxxxxxxxxxxxxxxxxxxxxx,x11111xxxxxxxxxxxxxxxxxx,x11111xxxxxxxxxxxxxxxxxx,x11111xyyyyyyyyyyyyyyyyx,x11111xyyyyyyyyyyyyyyyyx,x11111xxxxxxxxxxxxxxxxxx,x11111xuuuuuuuuuuuuuuuux,x11111xuuuuuuuuuuuuuuuux,x11111xxxxxxxxxxxxxxxxxx,x11111xvvvvvvvvvvvvvvvvx,x11111xxxxxxxxxxxxxxxxxx,x11111xwwwwwwwwwwwwwwwwx,x11111xxxxxxxxxxxxxxxxxx,x1111100000000000000008x,x1111100000000000000009x,x111110000000000000000ax,x111110000000000000000bx,1111110000000000000000cx,x111110000000000000000dx,x111110000000000000000ex,x111110000000000000000fx,x111110000000000000000gx,x111110000000000000000hx,x111110000000000000000ix,x111110000000000000000jx,x111110000000000000000kx,x111110000000000000000lx,x111110000000000000000mx,x111110000000000000000nx,x111110xxxxxxxxxxxxxxxxx,x111110xzzzzzzzzzzzzzzzx,x111110xzzzzzzzzzzzzzzzx,x111110xzzzzzzzzzzzzzzzx,x111110xzzzzzzzzzzzzzzzx,x111110xzzzzzzzzzzzzzzzx,xxxxxxxxxxxxxxxxxxxxxxxx
hbx_gx_model_s_v5	6	8	0	3	2	xxxxxx,x00000,x00000,000000,x00000,x00000,x00000,x00000
hbx_gx_model_t_v5	29	28	0	3	2	xxxxxxxxxxxxxxxxxxxxxxxxxxxxx,x222222222222222222222222222x,x222222222222222222222222222x,2222222222222222222222222222x,x222222222222222222222222222x,x2222xxxxxx222222xxxxxxx2222x,x2222xxxxxx111111xxxxxxx2222x,x2222xx111111111111111xx2222x,x2222xx111111111111111xx2222x,x2222xx11xxx1111xxxx11xx2222x,x2222xx11xxx0000xxxx11xx2222x,x22222111x00000000xx11xx2222x,x22222111x00000000xx11xx2222x,x22222111x00000000xx11xx2222x,x22222111x00000000xx11xx2222x,x22222111x00000000xx11xx2222x,x22222111x00000000xx11xx2222x,x2222xx11xxxxxxxxxxx11xx2222x,x2222xx11xxxxxxxxxxx11xx2222x,x2222xx111111111111111xx2222x,x2222xx111111111111111xx2222x,x2222xxxxxxxxxxxxxxxxxxx2222x,x2222xxxxxxxxxxxxxxxxxxx2222x,x222222222222222222222222222x,x222222222222222222222222222x,x222222222222222222222222222x,x222222222222222222222222222x,xxxxxxxxxxxxxxxxxxxxxxxxxxxxx
hbx_gx_model_u_v5	24	36	0	17	2	xxxxxxxxxxxxxxxxxxxxxxxx,x1111100000000000000000x,x1111100000000000000000x,x1111100000000000000000x,x1111100000000000000000x,x1111100000000000000000x,x1111100000000000000000x,x1111100000000000000000x,x1111100000000000000000x,x1111100000000000000000x,x1111100000000000000000x,x1111100000000000000000x,x1111100000000000000000x,x1111100000000000000000x,x1111100000000000000000x,x1111100000000000000000x,x1111100000000000000000x,11111100000000000000000x,x1111100000000000000000x,x1111100000000000000000x,x1111100000000000000000x,x1111100000000000000000x,x1111100000000000000000x,x1111100000000000000000x,x1111100000000000000000x,x1111100000000000000000x,x1111100000000000000000x,x1111100000000000000000x,x1111100000000000000000x,x1111100000000000000000x,x1111100000000000000000x,x1111100000000000000000x,x1111100000000000000000x,x1111100000000000000000x,x1111100000000000000000x,xxxxxxxxxxxxxxxxxxxxxxxx
hbx_gx_model_v_v5	20	30	0	3	2	xxxxxxxxxxxxxxxxxxxx,x222221111111111111x,x222221111111111111x,2222221111111111111x,x222221111111111111x,x222221111111111111x,x222221111111111111x,xxxxxxxx1111xxxxxxxx,xxxxxxxx0000xxxxxxxx,x000000x0000x000000x,x000000x0000x000000x,x00000000000x000000x,x00000000000x000000x,x000000000000000000x,x000000000000000000x,xxxxxxxx00000000000x,x000000x00000000000x,x000000x0000xxxxxxxx,x00000000000x000000x,x00000000000x000000x,x00000000000x000000x,x00000000000x000000x,xxxxxxxx0000x000000x,x000000x0000x000000x,x000000x0000x000000x,x000000000000000000x,x000000000000000000x,x000000000000000000x,x000000000000000000x,xxxxxxxxxxxxxxxxxxxx
hbx_gx_model_w_v5	27	27	0	3	2	xxxxxxxxxxxxxxxxxxxxxxxxxxx,x2222xx1111111111xx11111111,x2222xx1111111111xx11111111,222222111111111111111111111,x22222111111111111111111111,x22222111111111111111111111,x22222111111111111111111111,x2222xx1111111111xx11111111,x2222xx1111111111xx11111111,x2222xx1111111111xxxx1111xx,x2222xx1111111111xxxx0000xx,xxxxxxx1111111111xx00000000,xxxxxxx1111111111xx00000000,x22222111111111111000000000,x22222111111111111000000000,x22222111111111111000000000,x22222111111111111000000000,x2222xx1111111111xx00000000,x2222xx1111111111xx00000000,x2222xxxx1111xxxxxxxxxxxxxx,x2222xxxx0000xxxxxxxxxxxxxx,x2222x0000000000xxxxxxxxxxx,x2222x0000000000xxxxxxxxxxx,x2222x0000000000xxxxxxxxxxx,x2222x0000000000xxxxxxxxxxx,x2222x0000000000xxxxxxxxxxx,x2222x0000000000xxxxxxxxxxx
hbx_gx_model_x_v5	20	26	0	12	2	xxxxxxxxxxxxxxxxxxxx,x000000000000000000x,x000000000000000000x,x000000000000000000x,x000000000000000000x,x000000000000000000x,x000000000000000000x,xxx00xxx0000xxx00xxx,x000000x0000x000000x,x000000x0000x000000x,x000000x0000x000000x,x000000x0000x000000x,0000000x0000x000000x,x000000x0000x000000x,x000000x0000x000000x,x000000x0000x000000x,x000000x0000x000000x,x000000x0000x000000x,x000000xxxxxx000000x,x000000000000000000x,x000000000000000000x,x000000000000000000x,x000000000000000000x,x000000000000000000x,x000000000000000000x,xxxxxxxxxxxxxxxxxxxx
hbx_gx_model_y_v5	28	24	0	3	2	xxxxxxxxxxxxxxxxxxxxxxxxxxxx,x00000000xx0000000000xx0000x,x00000000xx0000000000xx0000x,000000000xx0000000000xx0000x,x00000000xx0000000000xx0000x,x00000000xx0000xx0000xx0000x,x00000000xx0000xx0000xx0000x,x00000000xx0000xx0000000000x,x00000000xx0000xx0000000000x,xxxxx0000xx0000xx0000000000x,xxxxx0000xx0000xx0000000000x,xxxxx0000xx0000xxxxxxxxxxxxx,xxxxx0000xx0000xxxxxxxxxxxxx,x00000000xx0000000000000000x,x00000000xx0000000000000000x,x00000000xx0000000000000000x,x00000000xx0000000000000000x,x0000xxxxxxxxxxxxxxxxxx0000x,x0000xxxxxxxxxxxxxxxxxx0000x,x00000000000000000000000000x,x00000000000000000000000000x,x00000000000000000000000000x,x00000000000000000000000000x,xxxxxxxxxxxxxxxxxxxxxxxxxxxx
hbx_gx_model_z_v5	31	20	0	9	2	xxxxxxxxxxxxxxxxxxxxxxxxxxxxxxx,xxxxxxxxxxx00000000000000000000,xxxxxxxxxxx00000000000000000000,xxxxxxxxxxx00000000000000000000,x00000000xx00000000000000000000,x00000000xx00000000000000000000,x00000000xx00000000000000000000,x00000000xx00000000000000000000,x00000000xx00000000000000000000,000000000xx00000000000000000000,x00000000xx00000000000000000000,x00000000xx00000000000000000000,x00000000xx00000000000000000000,x00000000xx00000000000000000000,x00000000xx00000000000000000000,x00000000xx00000000000000000000,xxxxxxxxxxx00000000000000000000,xxxxxxxxxxx00000000000000000000,xxxxxxxxxxx00000000000000000000,xxxxxxxxxxxxxxxxxxxxxxxxxxxxxxx
hbx_gx_netcafe_v5	25	24	22	12	2	xxxxx1111xxxxxxxxxxx1xxxx,xxxxx1111111111111111xxxx,xxxxx1111111111111111xxxx,xxxxx1111111111111111xxxx,xxxxxxxx0000000000000xxxx,111111100000000000000xxxx,111111100000000000000xxxx,111111100000000000000xxxx,xxxx11100000000000000xxxx,x1xx11100000000000000xxxx,x1xx11100000000000000xxxx,x1xx111000000000000000000,x1xx111000000000000000000,xxxx111000000000000000000,xxxx11100000000000000xxxx,xxxx1110000000xx11111xxxx,xxxxx111110000x111111xxxx,xxxxxx111100001111111xxxx,xxxxxx111100001111111xxxx,xxxxxx111100001111111xxxx,xxxxxx111100001111111xxxx,xxxxxx111100001111111xxxx,xxxxxx111100001111111xxxx,xxxxx1111100001111111xxxx
hbx_gx_newbie_lobby_v5	22	28	2	11	2	xxxxxxxxxxxxxxxx000000,xxxxx0xxxxxxxxxx000000,xxxxx00000000xxx000000,xxxxx000000000xx000000,0000000000000000000000,0000000000000000000000,0000000000000000000000,0000000000000000000000,0000000000000000000000,xxxxx000000000000000xx,xxxxx000000000000000xx,x0000000000000000000xx,x0000000000000000xxxxx,xxxxxx00000000000xxxxx,xxxxxxx0000000000xxxxx,xxxxxxxx000000000xxxxx,xxxxxxxx000000000xxxxx,xxxxxxxx000000000xxxxx,xxxxxxxx000000000xxxxx,xxxxxxxx000000000xxxxx,xxxxxxxx000000000xxxxx,xxxxxx00000000000xxxxx,xxxxxx00000000000xxxxx,xxxxxx00000000000xxxxx,xxxxxx00000000000xxxxx,xxxxxx00000000000xxxxx,xxxxx000000000000xxxxx,xxxxx000000000000xxxxx
hbx_gx_old_skool_v5	17	25	2	1	2	xx0xxxxxxxxxxxxxx,0000000xxx00000xx,0000000x0000000xx,0000000xxxxxxxxxx,0000000000000000x,0000000000000000x,0000000000000000x,0000000000000000x,0000000000000000x,0000000000000000x,0000000000000000x,0000000000000000x,0000000000000000x,0000000000000000x,0000000000000000x,0000000000000000x,0000000000000000x,0000000000000000x,00000000000000000,0000000000000000x,0000000000000000x,0000000000000000x,0000000000000000x,0000000000000000x,0000000000000000x
hbx_gx_orient_v5	36	31	35	22	6	xxxxxxxxxxxxxxxxxxxxxxxxxxxxxxxxxxxx,xxxxxxxxxxxxxxxx00000000xxxxxxxxxxxx,xxxxxxxxxxxxxx1000000000xxxxxxxxxxxx,xxxxxxxxxxxxxx1xxxxxxxxxxxxxxxxxxxxx,xxxxxxxxxxxxxx1xxxxxxxxxxxxxxxxxxxxx,xxxxxxxxxxxxxx1xxxxxxxxxxxxxxxxxxxxx,xxxxxxxxxxxxxx1xxxxxxxxxxxxxxxxxxxxx,xxxxxxxxxxxxxx1xxxxxxxxxxxxxxxxxxxxx,xxxxxxxxxxxxxx1xxxxxxxxxxxxxxxxxxxxx,xxxxxxxxxxxxxx1xxxxxxxxxxxxxxxxxxxxx,xxxxxxxxxxxxxx1xx000x000xx111x111xxx,xxxxxxxxxxxxxx1xx000x000xxxxxx1111xx,xxxxxxxxxxxxxx1xx000x000x111111111xx,xxxxxxxxxxxxxx1xx000x000x111111111xx,xxx111111111111xx000x000x111111111xx,xxx1xxxxxxxxxxxxx000x000x111111111xx,xxx1x1111111111000000000x111111111xx,xxx1x1111111111000000000xx1111111xxx,xxx1x11xxxxxx11000000000xx1111111100,xxx111xxxxxxx11000000000011111111100,xxx111xxxxxxx11000000000011111111100,xxxxx1xxxxxxx11000000000011111111100,xxxxx11xxxxxx11000000000xx1111111100,xxxxx1111111111000000000xx1111111xxx,xxxxx1111111111xx000x000x111111111xx,xxxxxxxxxxxxxxxxx000x000x111111111xx,xxxxxxxxxxxxxxxxx000x000x111111111xx,xxxxxxxxxxxxxxxxx000x000x111111111xx,xxxxxxxxxxxxxxxxx000x000x111111111xx,xxxxxxxxxxxxxxxxx000x00xx11xxxx111xx,xxxxxxxxxxxxxxxxxxxxxxxxxx11111111xx
hbx_gx_park_a_v5	44	34	2	15	2	xxxxxxxxxxxxxxxxxxxxxxxxxxxxxxxxxxxxxxxxxxxx,xxxxxxxxxxxxxxxxxxxxxxxxxxxxxxxxxxxxxxxxxxxx,xxxxxxxxxxxxxxxxxxxxxxxxxxxxxx0xxxxxxxxxxxxx,xxxxxxxxxxxxxxxxxxxxxxxxxxxxxx00xxxxxxxxxxxx,xxxxxxxxxxxxx0x00xxxxxxxxxxx0x000xxxxxxxxxxx,xxxxxxxxxxxx0000000000000000000000xxxxxxxxxx,xxxxxxxxxxx000000000000000000000000xxxxxxxxx,xxxxxxxxxxx0000000000000000000000000xxxxxxxx,xxxxxxxxxxx00000000000000000000000000xxxxxxx,xxxxxxxx000000000000000000000000000000xxxxxx,xxxxxxx00000000000000000000000000000000xxxxx,xxxxxxx000000000000000000000000000000000xxxx,xxxxxxx0000000000000000000000000000000000xxx,xxxxxxxxx000000000000000000000000000000000xx,00000000000000000000xx00000000000000000000xx,0000000000000000000xxxx00000000000xxxxxxx0xx,0000000000000000000xxxx00000000000x00000xxxx,xxxxx00x0000000000xxxxx0xxxxxx0000x0000000xx,xxxxx0000000000000xxxxx0xx000x0000x000000xxx,xxxxx0000000000000xxxxx0x000000000x00000xxxx,xxxxx000000x0000000xxxx0x000000000xxx00xxxxx,xxxxxxxx000x0000000xxx00xxx000000x0000xxxxxx,xxxxxxxx000x000000xxxx0x0000000000000xxxxxxx,xxxxxxxx000x000000011100000000000000xxxxxxxx,xxxxxxxx000x00000001110000000000000xxxxxxxxx,xxxxxxxxx00x0000000111x00000000x00xxxxxxxxxx,xxxxxxxxxx0x0000000xxx0000000xxxxxxxxxxxxxxx,xxxxxxxxxxxx000000xxxx0000000xxxxxxxxxxxxxxx,xxxxxxxxxxxx000000xxx00xxxxx00xxxxxxxxxxxxxx,xxxxxxxxxxxxxxxxx0xxx0xx000x00xxxxxxxxxxxxxx,xxxxxxxxxxxxxxxxx0xxx0x000000xxxxxxxxxxxxxxx,xxxxxxxxxxxxxxxxx0xxxxx00000xxxxxxxxxxxxxxxx,xxxxxxxxxxxxxxxxx0xxxxx00xxxxxxxxxxxxxxxxxxx,xxxxxxxxxxxxxxxxxxxxxxx0xxxxxxxxxxxxxxxxxxxx
hbx_gx_park_b_v5	12	6	11	2	6	0000x0000000,0000xx000000,000000000000,00000000000x,000000000000,00x0000x0000
hbx_gx_picnic_v5	38	44	16	5	4	xxxxxxxxxxxxxxxxxxxxxxxxxxxxxxxxxxxxxx,xxxxxxxxxxxxxxxxxxxxxxxxxxxxxxxxxxxxxx,xxxxxxxxxxxxxxxxxxxxxxxxxxxxxxxxxxxxxx,xxxxxxxxxxxxxxxxxxxxxxxxxxxxxxxxxxxxxx,xx22222xxxxxxxxxxxxxxxxxxxxxxxxxxxxxxx,22xxxxxxxxxxxxx22xxxxxxxxxxxxxxxxxxxxx,2222222222222222222x222222222222222222,22222222222222222222222222222222222222,22222222222222222222222222222222222222,22222222222222222222222222222222222222,22222222222xxx222222222222222222222222,2222222222xx33x22222222222222222222222,222222222xx3333x2222222222222222222222,222222222x333333x222222222222222222222,222222222x333333x222222222222222222222,2222222222x3332x2222222222222222222222,22222222222x33x22222222222222222222222,22222222222222222222222222222222222222,22222222222222222222222222222222222222,22222222222222222222222222222222222222,22222222222222222222222222222222222222,22222222222222222222222222222222222222,22222222222222222222222222222222222222,22222222x22222xxxx22222222222222222222,22222222222222xxxx22222222222222222222,22222222222222xxx222222222222222222222,22222222222222222222222222222222222222,22222222222222222222222222222222222222,22222222222222222222222222222222222222,22222222222222222222222222222222222222,22222222222222222222222222222222222222,22222222222222222222222222222222222222,22222222222222222222222222222222222222,22222222222222222222222222222222222222,22222222222222222222222222222222222222,22222222222222222222222222222222222222,22222222222222222222222222222222222222,22222222222222222222222222222222222222,22222222222222222222222222222222222222,22222222222222222222222222222222222222,22222222222222222222222222222222222222,22222222222222222222222222222222222222,22222222222222222222222222222222222222,22222222222222222222222222222222222222
hbx_gx_pizza_v5	16	28	5	27	2	xxxxxxxxx0000000,x11111x1xx000000,11xxxxx111x00000,11x1111111xx0000,11x1111111100000,xxx1111111100000,1111111111100000,1111111111100000,1111111111100000,1111111111100000,1111111111100000,1111111111100000,1111111111100000,1111111111100000,1111111111100000,1111111111100000,1111111111100000,11111111111xxxxx,1111111111xxxxxx,1111111111111111,1111111111111111,1111111111111111,1111111111111111,1111111111111111,1111111111111111,11xx11xx11111111,xxxx11xxxxxxxxxx,xxxx11xxxxxxxxxx
hbx_gx_pub_a_v5	25	31	15	25	2	xxxxxxxxxxxxxxxxxxxxxxxxx,xxxxxxxxx2222222211111xxx,xxxxxxxxx2222222211111xxx,xxxxxxxxx2222222211111xxx,xxxxxxxxx2222222211111xxx,xxxxxxxxx2222222222111xxx,xxxxxxxxx2222222222111xxx,xxxxxxxxx2222222222000xxx,xxxxxxxxx2222222222000xxx,xxxxxxxxx2222222222000xxx,xxxxxxxxx2222222222000xxx,x333333332222222222000xxx,x333333332222222222000xxx,x333333332222222222000xxx,x333333332222222222000xxx,x333333332222222222000xxx,x333332222222222222000xxx,x333332222222222222000xxx,x333332222222222222000xxx,x333332222222222222000xxx,x333333332222222222000xxx,xxxxx31111112222222000xxx,xxxxx31111111000000000xxx,xxxxx31111111000000000xxx,xxxxx31111111000000000xxx,xxxxx31111111000000000xxx,xxxxxxxxxxxxxxx00xxxxxxxx,xxxxxxxxxxxxxxx00xxxxxxxx,xxxxxxxxxxxxxxx00xxxxxxxx,xxxxxxxxxxxxxxx00xxxxxxxx,xxxxxxxxxxxxxxxxxxxxxxxxx
hbx_gx_rooftop_v5	20	18	17	12	2	44xxxxxxxxxxxxxxxxxx,444xxxxxxxxxxx444444,4444xxxxxxxxxx444444,44444xxxx4xxxx444444,444444xxx44xxx444444,44444444444444444444,44444444444444444444,44444444444444444444,44444444xx44xx44xx44,44444444xx44xx44xx44,44444444444444444444,44444444444444444444,44444444444444444444,x444444x444444xx4444,x444444x444444xx333x,x444444x444444xx222x,x444444x444444xx11xx,x444444x444444xxxxxx
hbx_gx_rooftop_2_v5	9	12	4	9	2	x0000x000,xxxxxx000,000000000,000000000,000000000,000000000,000000000,000000000,000000000,000000000,xxx000xxx,xxx000xxx
hbx_gx_star_lounge_v5	50	50	37	36	2	xxxxxxxxxxxxxxxxxxxxxxxxxxxxxxxxxxxxxxxxxxxxxxxxxx,xxxxxxxxxxxxxxxxxxxxxxxxxxxxxxxxxxxxxxxxxxxxxxxxxx,xxxxxxxxxxxxxxxxxxxxxxxxxxxxxxxxxxxxxxxxxxxxxxxxxx,xxxxxxxxxxxxxxxxxxxxxxxxxxxxxxxxxxxxxxxxxxxxxxxxxx,xxxxxxxxxxxxxxxxxxxxxxxxxxxxxxxxxxxxxxxxxxxxxxxxxx,xxxxxxxxxxxxxxxxxxxxxxxxxxxxxxxxxxxxxxxxxxxxxxxxxx,xxxxxxxxxxxxxxxxxxxxxxxxxxxxxxxxxxxxxxxxxxxxxxxxxx,xxxxxxxxxxxxxxxxxxxxxxxxxxxxxxxxxxxxxxxxxxxxxxxxxx,xxxxxxxxxxxxxxxxxxxxxxxxxxxxxxxxxxxxxxxxxxxxxxxxxx,xxxxxxxxxxxxxxxxxxxxxxxxxxxxxxxxxxxxxxxxxxxxxxxxxx,xxxxxxxxxxxxxxxxxxxxxxxxxxxxxxxxxxxxxxxxxxxxxxxxxx,xxxxxxxxxxxxxxxxxxxxxxxxxxxxxxxxxxxxxxxxxxxxxxxxxx,xxxxxxxxxxxxxxxxxxxxxxxxxxxxxxxxxxxxxxxxxxxxxxxxxx,xxxxxxxxxxxxxxxxxxxxxxxxxxxxxxxxxxxxxxxxxxxxxxxxxx,xxxxxxxxxxxxxxxxxxxxxxxxxxxxxxxxxxxxxxxxxxxxxxxxxx,xxxxxxxxxxxxxxxxxxxxx2222x4444442222xxxxxxxxxxxxxx,xxxxxxxxxxxxxxxxxxxxx22222x444x32222xxxxxxxxxxxxxx,xxxxxxxxxxxxxxxxxxxxx22222xx4xx22222xxxxxxxxxxxxxx,xxxxxxxxxxxxxxxxxxxxx222222222222222xxxxxxxxxxxxxx,xxxxxxxxxxxxxxxxxxxxx222222222222222xxxxxxxxxxxxxx,xxxxxxxxxxxxxxxxxxxxx222222222222222xxxxxxxxxxxxxx,xxxxxxxxxxxxxxxxxxxxx222222222222222xxxxxxxxxxxxxx,xxxxxxxxxxxxxxxxxxxxx222222222222222xxxxxxxxxxxxxx,xxxxxxxxxxxxxxxxxxxxx222222222222222xxxxxxxxxxxxxx,xxxxxxxxxxxxxxxxxxxxx22222222222222211111xxxxxxxxx,xxxxxxxxxxxxxxxxxxxxx22222222222222211111xxxxxxxxx,xxxxxxxxxxxxxxxxxxxxx22222222222222211111xxxxxxxxx,xxxxxxxxxxxxxxxxxxxxx22222222222222211111xxxxxxxxx,xxxxxxxxxxxxxxxxxxxxx22222222222222222111xxxxxxxxx,xxxxxxxxxxxxxxxxxxxxx22222222222222222111xxxxxxxxx,xxxxxxxxxxxxxxxx3333x22222222222222xxxxxxxxxxxxxxx,xxxxxxxxxxxxxxxx3333x22222222222222xxxxxxxxxxxxxxx,xxxxxxxxxxxxxxxx3333x22222222221111xxxxxxxxxxxxxxx,xxxxxxxxxxxxxxxx3333xx2x22222220000xxxxxxxxxxxxxxx,xxxxxxxxxxxxxxxx333333332222222000000xxxxxxxxxxxxx,xxxxxxxxxxxxxxxx333333332222222x0000000xxxxxxxxxxx,xxxxxxxxxxxxxxxxx33333332222222x0000000xxxxxxxxxxx,xxxxxxxxxxxxxxxxxxxxxxxxx222222000000xxxxxxxxxxxxx,xxxxxxxxxxxxxxxxxxxxxxxxxxxxxxxxxxxxxxxxxxxxxxxxxx,xxxxxxxxxxxxxxxxxxxxxxxxxxxxxxxxxxxxxxxxxxxxxxxxxx,xxxxxxxxxxxxxxxxxxxxxxxxxxxxxxxxxxxxxxxxxxxxxxxxxx,xxxxxxxxxxxxxxxxxxxxxxxxxxxxxxxxxxxxxxxxxxxxxxxxxx,xxxxxxxxxxxxxxxxxxxxxxxxxxxxxxxxxxxxxxxxxxxxxxxxxx,xxxxxxxxxxxxxxxxxxxxxxxxxxxxxxxxxxxxxxxxxxxxxxxxxx,xxxxxxxxxxxxxxxxxxxxxxxxxxxxxxxxxxxxxxxxxxxxxxxxxx,xxxxxxxxxxxxxxxxxxxxxxxxxxxxxxxxxxxxxxxxxxxxxxxxxx,xxxxxxxxxxxxxxxxxxxxxxxxxxxxxxxxxxxxxxxxxxxxxxxxxx,xxxxxxxxxxxxxxxxxxxxxxxxxxxxxxxxxxxxxxxxxxxxxxxxxx,xxxxxxxxxxxxxxxxxxxxxxxxxxxxxxxxxxxxxxxxxxxxxxxxxx,xxxxxxxxxxxxxxxxxxxxxxxxxxxxxxxxxxxxxxxxxxxxxxxxxx
hbx_gx_tearoom_v5	22	22	21	19	6	xxxxxxxxxxxxxxxxxxxxxx,xxxxxxxx3333x33333333x,333333xx3333x33333333x,3333333x3333x33333333x,3333333x3333x33333333x,3333333xxxxxx33333333x,333333333333333333333x,333333333333333333333x,333333333333333333333x,333333333333333333333x,33333333222x333333333x,33333333222x333333333x,33333333222x333333333x,33333333222x333333333x,33333333111x333333333x,33333333111x333333333x,33333333111x333333333x,xxxxxxxx111xxxxxxxxxxx,11111111111111111111xx,1111111111111111111111,1111111111111111111111,11111111111111111111xx
hbx_gx_theater_v5	23	30	20	27	0	xxxxxxxxxxxxxxxxxxxxxxx,xxxxxxxxxxxxxxxxxxxxxxx,xxxxxxxxxxxxxxxxxxxxxxx,xxxxxxxxxxxxxxxxxxxxxxx,xxxxxxxxxxxxxxxxxxxxxxx,xxxxxxxxxxxxxxxxxxxxxxx,xxxxxxx111111111xxxxxxx,xxxxxxx11111111100000xx,xxxx00x11111111100000xx,xxxx00x11111111100000xx,4xxx00x11111111100000xx,4440000xxxxxxxxx00000xx,444000000000000000000xx,4xx000000000000000000xx,4xx0000000000000000000x,44400000000000000000000,44400000000000000000000,44x00000000000000000000,44x11111111111111111000,44x11111111111111111000,33x11111111111111111000,22x11111111111111111000,22x11111111111111111000,22x11111111111111111000,22x11111111111111111000,22x11111111111111111000,22211111111111111111000,22211111111111111111000,xxxxxxxxxxxxxxxxxxxx00x,xxxxxxxxxxxxxxxxxxxx00x
